{
  "learned": {
    "42": {
      "epsilons": [
        0.0,
        0.001,
        0.0015,
        0.002,
        0.003,
        0.005,
        0.007,
        0.01,
        0.02,
        0.05,
        0.1,
        0.2,
        0.5,
        1.0
      ],
      "ads_l4": [
        0.0,
        9.430807040189393e-06,
        2.2300051568890922e-05,
        3.664712130557746e-05,
        8.326518582180142e-05,
        0.00024906115140765905,
        0.00047365864156745374,
        0.000979167758487165,
        0.0039889020845294,
        0.022435002028942108,
        0.07968609035015106,
        0.2531609833240509,
        0.741454005241394,
        1.0678898096084595
      ],
      "interpolated_threshold": 0.0031793410353531323,
      "baseline_ads": 9.430807040189393e-06
    },
    "123": {
      "epsilons": [
        0.0,
        0.001,
        0.0015,
        0.002,
        0.003,
        0.005,
        0.007,
        0.01,
        0.02,
        0.05,
        0.1,
        0.2,
        0.5,
        1.0
      ],
      "ads_l4": [
        0.0,
        1.1260094652243424e-05,
        2.3788323233020492e-05,
        4.145452112425119e-05,
        9.467232302995399e-05,
        0.00027227288228459656,
        0.0005453991470858455,
        0.0011099821422249079,
        0.004132246598601341,
        0.026783347129821777,
        0.0958757996559143,
        0.3213171660900116,
        0.9097312688827515,
        1.3395674228668213
      ],
      "interpolated_threshold": 0.003262440394664985,
      "baseline_ads": 1.1260094652243424e-05
    },
    "456": {
      "epsilons": [
        0.0,
        0.001,
        0.0015,
        0.002,
        0.003,
        0.005,
        0.007,
        0.01,
        0.02,
        0.05,
        0.1,
        0.2,
        0.5,
        1.0
      ],
      "ads_l4": [
        0.0,
        5.3437934184330516e-06,
        1.2372996025078464e-05,
        2.187218160543125e-05,
        4.677703691413626e-05,
        0.00013470786507241428,
        0.0002545317402109504,
        0.0005408103461377323,
        0.002186133526265621,
        0.013260260224342346,
        0.049897316843271255,
        0.16817282140254974,
        0.5388391017913818,
        0.7902454733848572
      ],
      "interpolated_threshold": 0.003199219531653252,
      "baseline_ads": 5.3437934184330516e-06
    }
  },
  "sinusoidal": {
    "42": {
      "epsilons": [
        0.0,
        0.001,
        0.0015,
        0.002,
        0.003,
        0.005,
        0.007,
        0.01,
        0.02,
        0.05,
        0.1,
        0.2,
        0.5,
        1.0
      ],
      "ads_l4": [
        0.0,
        2.040540266534663e-06,
        4.836416792386444e-06,
        7.880958037276287e-06,
        1.8381935660727322e-05,
        5.513548603630625e-05,
        0.00010529989958740771,
        0.0002159073919756338,
        0.0008359323837794363,
        0.005157223902642727,
        0.019134238362312317,
        0.05594003200531006,
        0.22887679934501648,
        0.543222963809967
      ],
      "interpolated_threshold": 0.0031492941294539653,
      "baseline_ads": 2.040540266534663e-06
    },
    "123": {
      "epsilons": [
        0.0,
        0.001,
        0.0015,
        0.002,
        0.003,
        0.005,
        0.007,
        0.01,
        0.02,
        0.05,
        0.1,
        0.2,
        0.5,
        1.0
      ],
      "ads_l4": [
        0.0,
        1.4202045122146956e-06,
        3.186699359503109e-06,
        5.6052126637951005e-06,
        1.3041688362136483e-05,
        3.551002009771764e-05,
        6.983250932535157e-05,
        0.0001426950766472146,
        0.0005714032449759543,
        0.00370156392455101,
        0.01389076467603445,
        0.04983528330922127,
        0.2544941306114197,
        0.6262086033821106
      ],
      "interpolated_threshold": 0.0031332793165839757,
      "baseline_ads": 1.4202045122146956e-06
    },
    "456": {
      "epsilons": [
        0.0,
        0.001,
        0.0015,
        0.002,
        0.003,
        0.005,
        0.007,
        0.01,
        0.02,
        0.05,
        0.1,
        0.2,
        0.5,
        1.0
      ],
      "ads_l4": [
        0.0,
        1.3925122175351135e-06,
        3.1477427455683937e-06,
        5.518402758752927e-06,
        1.2498887372203171e-05,
        3.439596184762195e-05,
        6.946739449631423e-05,
        0.00014564556477125734,
        0.0005714588332921267,
        0.0037316589150577784,
        0.014276825822889805,
        0.05132000520825386,
        0.24962382018566132,
        0.5837044715881348
      ],
      "interpolated_threshold": 0.003168121620947152,
      "baseline_ads": 1.3925122175351135e-06
    }
  },
  "rope": {
    "42": {
      "epsilons": [
        0.0,
        0.001,
        0.0015,
        0.002,
        0.003,
        0.005,
        0.007,
        0.01,
        0.02,
        0.05,
        0.1,
        0.2,
        0.5,
        1.0
      ],
      "ads_l4": [
        0.0,
        2.518809196772054e-06,
        5.6304183999600355e-06,
        1.0082915650855284e-05,
        2.2560694560525008e-05,
        6.229068821994588e-05,
        0.00012240366777405143,
        0.00024616727023385465,
        0.0009558331803418696,
        0.006114153191447258,
        0.024028988555073738,
        0.08772654086351395,
        0.497091680765152,
        1.7974148988723755
      ],
      "interpolated_threshold": 0.0031709188156860708,
      "baseline_ads": 2.518809196772054e-06
    },
    "123": {
      "epsilons": [
        0.0,
        0.001,
        0.0015,
        0.002,
        0.003,
        0.005,
        0.007,
        0.01,
        0.02,
        0.05,
        0.1,
        0.2,
        0.5,
        1.0
      ],
      "ads_l4": [
        0.0,
        2.8194222068123054e-06,
        6.015567123540677e-06,
        1.1098744835180696e-05,
        2.5325201931991614e-05,
        6.884730100864545e-05,
        0.00013399732415564358,
        0.0002779814531095326,
        0.0010948966955766082,
        0.006421749014407396,
        0.024698251858353615,
        0.09433963894844055,
        0.5287177562713623,
        1.8710516691207886
      ],
      "interpolated_threshold": 0.003169036490353385,
      "baseline_ads": 2.8194222068123054e-06
    },
    "456": {
      "epsilons": [
        0.0,
        0.001,
        0.0015,
        0.002,
        0.003,
        0.005,
        0.007,
        0.01,
        0.02,
        0.05,
        0.1,
        0.2,
        0.5,
        1.0
      ],
      "ads_l4": [
        0.0,
        4.095276835869299e-06,
        9.309806046076119e-06,
        1.7075806681532413e-05,
        3.745491267181933e-05,
        0.00010391137038823217,
        0.00020373389997985214,
        0.0004179297247901559,
        0.0016616882057860494,
        0.010427391156554222,
        0.04024055600166321,
        0.1505565047264099,
        0.8022840619087219,
        2.577110528945923
      ],
      "interpolated_threshold": 0.0031371281337029024,
      "baseline_ads": 4.095276835869299e-06
    }
  },
  "alibi": {
    "42": {
      "epsilons": [
        0.0,
        0.001,
        0.0015,
        0.002,
        0.003,
        0.005,
        0.007,
        0.01,
        0.02,
        0.05,
        0.1,
        0.2,
        0.5,
        1.0
      ],
      "ads_l4": [
        0.0,
        0.00027050316566601396,
        0.0006488567451015115,
        0.0009632949950173497,
        0.0023602109868079424,
        0.007060348521918058,
        0.012219332158565521,
        0.02597159706056118,
        0.09806979447603226,
        0.5203347206115723,
        1.4443150758743286,
        3.0814104080200195,
        5.910676002502441,
        11.33739185333252
      ],
      "interpolated_threshold": 0.0031969054472364418,
      "baseline_ads": 0.00027050316566601396
    },